{
  "atis": {
    "rule": 0.6998880179171333,
    "ml_final": 0.8868980963045913,
    "mcnemar": {
      "b": 191,
      "c": 24,
      "n": 893,
      "p_value": 1.7537607225040477e-33
    },
    "transition": 250,
    "trans_p": 0.0015795318704355606
  },
  "hwu64": {
    "rule": 0.017657992565055763,
    "ml_final": 0.8355018587360595,
    "mcnemar": {
      "b": 881,
      "c": 1,
      "n": 1076,
      "p_value": 5.476896370250283e-263
    },
    "transition": 250,
    "trans_p": 0.001953125
  },
  "banking77": {
    "rule": 0.012987012987012988,
    "ml_final": 0.8769480519480519,
    "mcnemar": {
      "b": 2665,
      "c": 4,
      "n": 3080,
      "p_value": 0.0
    },
    "transition": 250,
    "trans_p": 3.8198777474462986e-11
  },
  "clinc150": {
    "rule": 0.005454545454545455,
    "ml_final": 0.8185454545454546,
    "mcnemar": {
      "b": 4478,
      "c": 6,
      "n": 5500,
      "p_value": 0.0
    },
    "transition": 250,
    "trans_p": 6.938893903907228e-18
  }
}
